competitor_id,name,country,country_code,abbreviation
sr:competitor:49363,"Pavic, Mate",Croatia,HRV,PAV
sr:competitor:51836,"Arevalo-Gonzalez, Marcelo",El Salvador,SLV,ARE
sr:competitor:87690,"Thompson, Jordan",Australia,AUS,THO
sr:competitor:15568,"Granollers, Marcel",Spain,ESP,GRA
sr:competitor:16160,"Zeballos, Horacio",Argentina,ARG,ZEB
sr:competitor:16608,"Mektic, Nikola",Croatia,HRV,MEK
sr:competitor:36593,"Krawietz, Kevin",Germany,DEU,KRA
sr:competitor:50954,"Koolhof, Wesley",Netherlands,NLD,KOO
sr:competitor:52293,"Putz, Tim",Germany,DEU,PUT
sr:competitor:95801,"Vavassori, Andrea",Italy,ITA,VAV
sr:competitor:15310,"Bolelli, Simone",Italy,ITA,BOL
sr:competitor:124658,"Purcell, Max",Australia,AUS,PUR
sr:competitor:16409,"Ebden, Matthew",Australia,AUS,EBD
sr:competitor:637970,"Patten, Henry",Great Britain,GBR,PAT
sr:competitor:15307,"Bopanna, Rohan",India,IND,BRO
sr:competitor:14898,"Heliovaara, Harri",Finland,FIN,HEL
sr:competitor:16151,"Venus, Michael",New Zealand,NZL,VEN
sr:competitor:53785,"Skupski, Neal",Great Britain,GBR,SKU
sr:competitor:55989,"Withrow, Jackson",USA,USA,WIT
sr:competitor:210736,"Lammons, Nathaniel",USA,USA,LAM
sr:competitor:38181,"Molteni, Andres",Argentina,ARG,MOL
sr:competitor:15548,"Gonzalez, Maximo",Argentina,ARG,GON
sr:competitor:59131,"Glasspool, Lloyd",Great Britain,GBR,GLA
sr:competitor:52202,"Nys, Hugo",Monaco,MCO,NYS
sr:competitor:112805,"Zielinski, Jan",Poland,POL,ZIE
sr:competitor:16275,"Dodig, Ivan",Croatia,HRV,DOD
sr:competitor:47834,"Murray, Jamie",Great Britain,GBR,MUR
sr:competitor:106349,"Reboul, Fabien",France,FRA,REB
sr:competitor:59324,"Pavlasek, Adam",Czechia,CZE,PAV
sr:competitor:14553,"Ram, Rajeev",USA,USA,RAM
sr:competitor:81059,"Gille, Sander",Belgium,BEL,GIL
sr:competitor:104917,"Vliegen, Joran",Belgium,BEL,VLI
sr:competitor:74173,"Salisbury, Joe",Great Britain,GBR,SAL
sr:competitor:206889,"Galloway, Robert",USA,USA,GAL
sr:competitor:56629,"Peers, John",Australia,AUS,PEE
sr:competitor:76263,"Matos, Rafael",Brazil,BRA,MAT
sr:competitor:108099,"Cash, Julian",Great Britain,GBR,CAS
sr:competitor:106559,"Doumbia, Sadio",France,FRA,DOU
sr:competitor:16124,"Melo, Marcelo",Brazil,BRA,MEL
sr:competitor:14835,"Roger-Vasselin, Edouard",France,FRA,ROG
sr:competitor:45105,"Behar, Ariel",Uruguay,URY,BEH
sr:competitor:114831,"Erler, Alexander",Austria,AUT,ERL
sr:competitor:25189,"Krajicek, Austin",USA,USA,KRA
sr:competitor:47966,"Olivetti, Albano",France,FRA,OLI
sr:competitor:15305,"Gonzalez, Santiago",Mexico,MEX,GON
sr:competitor:15588,"Rojer, Jean-Julien",Netherlands,NLD,ROJ
sr:competitor:78793,"Miedler, Lucas",Austria,AUT,MIE
sr:competitor:22967,"Bhambri, Yuki",India,IND,BHA
sr:competitor:48646,"Barrientos, Nicolas",Colombia,COL,BAR
sr:competitor:300540,"Machac, Tomas",Czechia,CZE,MAC
sr:competitor:75813,"Zhang, Zhizhen",China,CHN,ZHA
sr:competitor:108755,"Jebens, Hendrik",Germany,DEU,JEB
sr:competitor:231188,"Frantzen, Constantin",Germany,DEU,FRA
sr:competitor:230186,"Verbeek, Sem",Netherlands,NLD,VER
sr:competitor:47295,"Andreozzi, Guido",Argentina,ARG,AND
sr:competitor:69362,"Mansouri, Skander",Tunisia,TUN,MAN
sr:competitor:66864,"Arends, Sander",Netherlands,NLD,ARE
sr:competitor:62410,"Johnson, Luke",Great Britain,GBR,JOH
sr:competitor:25457,"Nedovyesov, Aleksandr",Kazakhstan,KAZ,NED
sr:competitor:49306,"Reyes-Varela, Miguel Angel",Mexico,MEX,REY
sr:competitor:104421,"Mies, Andreas",Germany,DEU,MIE
sr:competitor:16198,"Escobar, Gonzalo",Ecuador,ECU,ESC
sr:competitor:81763,"Jacq, Gregoire",France,FRA,JAC
sr:competitor:231090,"Arribage, Theo",France,FRA,ARR
sr:competitor:52244,"Balaji, N. Sriram",India,IND,BAL
sr:competitor:70348,"Goransson, Andre",Sweden,SWE,GOR
sr:competitor:203681,"Korda, Sebastian",USA,USA,KOR
sr:competitor:111195,"Luz, Orlando",Brazil,BRA,LUZ
sr:competitor:121182,"Guinard, Manuel",France,FRA,GUI
sr:competitor:16042,"Haase, Robin",Netherlands,NLD,HAA
sr:competitor:17038,"Smith, John-Patrick",Australia,AUS,SMI
sr:competitor:918463,"Bollipalli, Rithvik Choudary",India,IND,BOL
sr:competitor:41475,"Arneodo, Romain",Monaco,MCO,ARN
sr:competitor:204781,"Nouza, Petr",Czechia,CZE,NOU
sr:competitor:152900,"Rikl, Patrik",Czechia,CZE,RIK
sr:competitor:127646,"Cabral, Francisco",Portugal,PRT,CAB
sr:competitor:23899,"King, Evan",USA,USA,KIN
sr:competitor:223868,"Matuszewski, Piotr",Poland,POL,MAT
sr:competitor:76361,"Kadhe, Arjun",India,IND,KAD
sr:competitor:112969,"Schnaitter, Jakob",Germany,DEU,SCH
sr:competitor:936355,"Wallner, Mark",Germany,DEU,WAL
sr:competitor:16043,"Middelkoop, Matwe",Netherlands,NLD,MID
sr:competitor:287215,"Seggerman, Ryan",USA,USA,SEG
sr:competitor:52065,"Harrison, Christian",USA,USA,HAR
sr:competitor:47975,"Hanfmann, Yannick",Germany,DEU,HAN
sr:competitor:52263,"Hidalgo, Diego",Ecuador,ECU,HID
sr:competitor:63438,"McDonald, Mackenzie",USA,USA,MCD
sr:competitor:129368,"Koepfer, Dominik",Germany,DEU,KOE
sr:competitor:16992,"Willis, Marcus",Great Britain,GBR,WIL
sr:competitor:57163,"Zverev, Alexander",Germany,DEU,ZVE
sr:competitor:1020797,"Trhac, Patrik",USA,USA,TRH
sr:competitor:98413,"Drzewiecki, Karol",Poland,POL,DRZ
sr:competitor:77653,"Cornea, Victor Vlad",Romania,ROU,COR
sr:competitor:73572,"Zormann, Marcelo",Brazil,BRA,ZOR
sr:competitor:871495,"Michelsen, Alex",USA,USA,MIC
sr:competitor:299130,"Hijikata, Rinky",Australia,AUS,HIJ
sr:competitor:147104,"Romios, Matthew Christopher",Australia,AUS,ROM
sr:competitor:60920,"Nedunchezhiyan, Jeevan",India,IND,NED
sr:competitor:16492,"Eysseric, Jonathan",France,FRA,EYS
sr:competitor:16823,"Romboli, Fernando",Brazil,BRA,ROM
sr:competitor:808628,"Shelton, Ben",USA,USA,SHE
sr:competitor:16854,"Molchanov, Denys",Ukraine,UKR,MOL
sr:competitor:113221,"Niklas-Salminen, Patrik",Finland,FIN,NIK
sr:competitor:47760,"Weissborn, Tristan-Samuel",Austria,AUT,WEI
sr:competitor:197678,"Tsitsipas, Petros",Greece,GRC,TSI
sr:competitor:121032,"Stalder, Reese",USA,USA,STA
sr:competitor:119150,"Fancutt, Thomas",Australia,AUS,FAN
sr:competitor:50037,"Bortolotti, Marco",Italy,ITA,BOR
sr:competitor:102151,"Tabilo, Alejandro",Chile,CHL,TAB
sr:competitor:145936,"Kaliyanda Poonacha, Niki",India,IND,KAL
sr:competitor:53759,"Prashanth, N. Vijay Sundar",India,IND,PRA
sr:competitor:234124,"Stevens, Bart",Netherlands,NLD,STE
sr:competitor:77011,"Martos Gornes, Sergio",Spain,ESP,MAR
sr:competitor:35766,"Begemann, Andre",Germany,DEU,BEG
sr:competitor:14508,"Mahut, Nicolas",France,FRA,MAH
sr:competitor:209202,"Chandrasekar, Anirudh",India,IND,CHA
sr:competitor:163480,"Bublik, Alexander",Kazakhstan,KAZ,BUB
sr:competitor:305776,"Soto, Matias",Chile,CHL,SOT
sr:competitor:157396,"Veldheer, Mick",Netherlands,NLD,VEL
sr:competitor:37637,"Zeballos, Federico",Bolivia,BOL,ZEB
sr:competitor:54609,"Arias, Boris",Bolivia,BOL,ARI
sr:competitor:16573,"Demoliner, Marcelo",Brazil,BRA,DEM
sr:competitor:42151,"Nam, Ji Sung",Republic of Korea,KOR,NAM
sr:competitor:69910,"Bergevi, Filip",Sweden,SWE,BER
sr:competitor:25458,"Martinez, Luis David",Venezuela,VEN,MAR
sr:competitor:44637,"Rodriguez, Cristian",Colombia,COL,ROC
sr:competitor:234044,"Kirkov, Vasil",USA,USA,KIR
sr:competitor:46391,"Struff, Jan-Lennard",Germany,DEU,STR
sr:competitor:134610,"Blumberg, William",USA,USA,BLU
sr:competitor:296270,"Stevenson, David",Great Britain,GBR,STE
sr:competitor:111607,"Ingildsen, Johannes",Denmark,DNK,ING
sr:competitor:263917,"Draxl, Liam",Canada,CAN,DRA
sr:competitor:146040,"Gomez, Federico Agustin",Argentina,ARG,GOM
sr:competitor:58877,"Ramanathan, Ramkumar",India,IND,RAM
sr:competitor:52951,"Pel, David",Netherlands,NLD,PEL
sr:competitor:405977,"Schoolkate, Tristan",Australia,AUS,SCH
sr:competitor:39712,"Saville, Luke",Australia,AUS,SAV
sr:competitor:243522,"Paul, Jakub",Switzerland,CHE,PAU
sr:competitor:122368,"Griekspoor, Tallon",Netherlands,NLD,GRI
sr:competitor:838776,"Tracy, James",USA,USA,TRA
sr:competitor:78387,"Hach Verdugo, Hans",Mexico,MEX,HAC
sr:competitor:90080,"Khachanov, Karen",Neutral,,KHA
sr:competitor:15809,"Martin, Fabrice",France,FRA,MAR
sr:competitor:95923,"Paris, Joshua",Great Britain,GBR,PAR
sr:competitor:119140,"Ellis, Blake",Australia,AUS,ELL
sr:competitor:15275,"Matsui, Toshihide",Japan,JPN,MAT
sr:competitor:256001,"Ho, Ray",Chinese Taipei,TPE,RAY
sr:competitor:52260,"Vega, David",Spain,ESP,VEG
sr:competitor:110707,"Pichler, David",Austria,AUT,PIC
sr:competitor:113889,"Liutarevich, Ivan",Neutral,,LIU
sr:competitor:393598,"Cash, Robert",USA,USA,CAS
sr:competitor:548169,"Yuzuki, Takeru",Japan,JPN,YUZ
sr:competitor:342826,"Trotter, James Kent",Japan,JPN,TRO
sr:competitor:92845,"Goldhoff, George",USA,USA,GOL
sr:competitor:98981,"Jecan, Mircea-Alexandru",Romania,ROU,JEC
sr:competitor:216502,"Broom, Charles",Great Britain,GBR,BRO
sr:competitor:96859,"Lock, Benjamin",Zimbabwe,ZWE,LOC
sr:competitor:195458,"Added, Dan",France,FRA,ADD
sr:competitor:450383,"Harper, Cleeve",Canada,CAN,HAR
sr:competitor:112061,"Walkow, Szymon",Poland,POL,WAL
sr:competitor:122366,"Tsitsipas, Stefanos",Greece,GRC,TSI
sr:competitor:240880,"Hilderbrand, Trey",USA,USA,HIL
sr:competitor:145008,"Uesugi, Kaito",Japan,JPN,UES
sr:competitor:50148,"Puttergill, Calum",Australia,AUS,PUT
sr:competitor:136042,"Fritz, Taylor",USA,USA,FRI
sr:competitor:530317,"Rincon, Daniel",Spain,ESP,RIN
sr:competitor:218344,"Lawson, Alex",USA,USA,LAW
sr:competitor:59700,"Isaro, Pruchya",Thailand,THA,ISA
sr:competitor:204495,"Vocel, Matej",Czechia,CZE,VOC
sr:competitor:124708,"Cukierman, Daniel",Israel,ISR,CUK
sr:competitor:43319,"Duran, Guillermo",Argentina,ARG,DUR
sr:competitor:297448,"Kiger, Mac",USA,USA,KIG
sr:competitor:84301,"Reese, Hunter",USA,USA,REE
sr:competitor:250231,"Shimizu, Yuta",Japan,JPN,SHI
sr:competitor:55745,"Negritu, Christoph",Germany,DEU,NEG
sr:competitor:64920,"Myneni, Saketh",India,IND,MYN
sr:competitor:428657,"Shelbayh, Abdullah",Jordan,JOR,SHE
sr:competitor:628218,"Karol, Milos",Slovakia,SVK,KAR
sr:competitor:390480,"Watanabe, Seita",Japan,JPN,WAT
sr:competitor:72420,"Merino, Alexander",Peru,PER,MER
sr:competitor:359602,"Musetti, Lorenzo",Italy,ITA,MUS
sr:competitor:58989,"Sabanov, Matej",Serbia,SRB,SAB
sr:competitor:55293,"Sabanov, Ivan",Serbia,SRB,SAB
sr:competitor:84671,"Britto, Luis",Brazil,BRA,BRI
sr:competitor:380004,"Harper, Patrick",Australia,AUS,HAR
sr:competitor:227358,"Walton, Adam",Australia,AUS,WAL
sr:competitor:141882,"Blancaneaux, Geoffrey",France,FRA,BLA
sr:competitor:297502,"Bayldon, Blake",Australia,AUS,BAY
sr:competitor:82579,"Uchida, Kaichi",Japan,JPN,UCH
sr:competitor:102339,"Van de Zandschulp, Botic",Netherlands,NLD,VAN
sr:competitor:155860,"Lock, Courtney John",Zimbabwe,ZWE,LOC
sr:competitor:25021,"Cervantes Huegun, Inigo",Spain,ESP,CER
sr:competitor:221556,"Alves, Mateus",Brazil,BRA,ALV
sr:competitor:108767,"Hassan, Benjamin",Lebanon,LBN,HAS
sr:competitor:284805,"Nava, Emilio",USA,USA,NAV
sr:competitor:422955,"Sanchez, Luca",France,FRA,SAN
sr:competitor:106395,"Ricca, Giorgio",Italy,ITA,RIC
sr:competitor:263865,"Reynolds, Finn",New Zealand,NZL,REY
sr:competitor:124930,"Safiullin, Roman",Neutral,,SAF
sr:competitor:96629,"Duncan, Scott",Great Britain,GBR,DUN
sr:competitor:193930,"Sigouin, Benjamin",Canada,CAN,SIG
sr:competitor:100069,"Sachko, Vitaliy",Ukraine,UKR,SAC
sr:competitor:206879,"Eubanks, Christopher",USA,USA,EUB
sr:competitor:671637,"Fils, Arthur",France,FRA,FIL
sr:competitor:257721,"Baez, Sebastian",Argentina,ARG,BAE
sr:competitor:169496,"Etcheverry, Tomas Martin",Argentina,ARG,ETC
sr:competitor:163438,"Sun, Fajing",China,CHN,SUN
sr:competitor:284801,"Boyer, Tristan",USA,USA,BOY
sr:competitor:145108,"Bertola, Remy",Switzerland,CHE,BER
sr:competitor:880089,"Pereira, Tiago",Portugal,PRT,PER
sr:competitor:121122,"Freund, Simon",Sweden,SWE,FRE
sr:competitor:295508,"Vrbensky, Michael",Czechia,CZE,VRB
sr:competitor:120956,"Alcantara, Francis Casey",Philippines,PHL,ALC
sr:competitor:161448,"Jones, Ben",Great Britain,GBR,JON
sr:competitor:168420,"Andrade, Andres",Ecuador,ECU,AND
sr:competitor:17359,"Oswald, Philipp",Austria,AUT,OSW
sr:competitor:534043,"Darderi, Luciano",Italy,ITA,DAR
sr:competitor:99377,"Kestelboim, Mariano",Argentina,ARG,KES
sr:competitor:99043,"Wang, Aoran",China,CHN,WAN
sr:competitor:82133,"Dellien, Murkel",Bolivia,BOL,DEV
sr:competitor:53483,"Masur, Daniel",Germany,DEU,MAS
sr:competitor:255595,"Cerundolo, Francisco",Argentina,ARG,CER
sr:competitor:48225,"Dutra Da Silva, Daniel",Brazil,BRA,DUT
sr:competitor:132834,"Barrios Vera, Marcelo Tomas",Chile,CHL,BAR
sr:competitor:289021,"Charlton, Joshua",Australia,AUS,CHA
sr:competitor:96535,"Virgili, Augusto",Italy,ITA,VIR
sr:competitor:396126,"Barnat, Jiri",Czechia,CZE,BAR
sr:competitor:163538,"Donski, Alexander",Bulgaria,BGR,DON
sr:competitor:55787,"Olivo, Renzo",Argentina,ARG,OLI
sr:competitor:280601,"Oberleitner, Neil",Austria,AUT,OBE
sr:competitor:145112,"Huesler, Marc-Andrea",Switzerland,CHE,HUE
sr:competitor:185434,"Rodriguez Taverna, Santiago",Argentina,ARG,ROD
sr:competitor:395828,"Saraiva Dos Santos, Paulo Andre",Brazil,BRA,SAR
sr:competitor:603098,"Fery, Arthur",Great Britain,GBR,FER
sr:competitor:49548,"Manafov, Vladyslav",Ukraine,UKR,MAN
sr:competitor:85877,"Villanueva, Gonzalo",Argentina,ARG,VIL
sr:competitor:496346,"Stricker, Dominic",Switzerland,CHE,STR
sr:competitor:77223,"Martinez, Pedro",Spain,ESP,MAR
sr:competitor:161868,"Huertas Del Pino, Connor",Peru,PER,HUE
sr:competitor:17046,"Statham, Rubin",New Zealand,NZL,STA
sr:competitor:303808,"Nijboer, Ryan",Netherlands,NLD,NIJ
sr:competitor:348308,"Sheehy, Joshua",USA,USA,SHE
sr:competitor:49663,"Escoffier, Antoine",France,FRA,ESC
sr:competitor:99587,"Chung, Yun Seong",Republic of Korea,KOR,CHU
sr:competitor:51974,"Daniell, Marcus",New Zealand,NZL,DAN
sr:competitor:77501,"Wehnelt, Kai",Germany,DEU,WEH
sr:competitor:853643,"Romano, Filippo",Italy,ITA,ROM
sr:competitor:539343,"Kym, Jerome",Switzerland,CHE,KYM
sr:competitor:79223,"Delaney, Jake",Australia,AUS,DEL
sr:competitor:352776,"Draper, Jack",Great Britain,GBR,DRA
sr:competitor:399637,"Cobolli, Flavio",Italy,ITA,COB
sr:competitor:89632,"Jarry, Nicolas",Chile,CHL,JAR
sr:competitor:125006,"Borges, Nuno",Portugal,PRT,BOR
sr:competitor:552469,"Agafonov, Egor",Neutral,,AGA
sr:competitor:682913,"Rocha, Henrique",Portugal,PRT,ROC
sr:competitor:161220,"Pavel, Bogdan",Romania,ROU,PAV
sr:competitor:686709,"Simakin, Ilia",Neutral,,SIM
sr:competitor:310972,"Banthia, Siddhant",India,IND,BAN
sr:competitor:379924,"Whiting, Tennyson",USA,USA,WHI
sr:competitor:51304,"Stevenson, Kelsey",Canada,CAN,STE
sr:competitor:212004,"Rodionov, Jurij",Austria,AUT,ROD
sr:competitor:40540,"Cacic, Nikola",Serbia,SRB,CAC
sr:competitor:145122,"Martineau, Matteo",France,FRA,MAR
sr:competitor:88992,"Muller, Alexandre",France,FRA,MUL
sr:competitor:156664,"TE, Rigele",China,CHN,RIG
sr:competitor:169492,"Aboian, Leonardo",Argentina,ARG,ABO
sr:competitor:103625,"Geerts, Michael",Belgium,BEL,GEE
sr:competitor:196672,"Davis, James",Great Britain,GBR,DAV
sr:competitor:398360,"Urrea, Andres",Colombia,COL,URR
sr:competitor:154740,"Delaney, Jesse",Australia,AUS,DEL
sr:competitor:927343,"Cadenasso, Gianluca",Italy,ITA,CAD
sr:competitor:233144,"Duda, Filip",Czechia,CZE,DUD
sr:competitor:67154,"Barrere, Gregoire",France,FRA,BAR
sr:competitor:217192,"Ouakaa, Aziz",Tunisia,TUN,OUA
sr:competitor:130436,"Habib, Hady",Lebanon,LBN,HAB
sr:competitor:498580,"Aboian, Valerio",Argentina,ARG,ABO
sr:competitor:94485,"Bonzi, Benjamin",France,FRA,BON
sr:competitor:305558,"Roncadelli, Franco",Uruguay,URY,RON
sr:competitor:322589,"Pujol Navarro, Bruno",Spain,ESP,PUJ
sr:competitor:167370,"Ruusuvuori, Emil",Finland,FIN,RUU
sr:competitor:104847,"Sonego, Lorenzo",Italy,ITA,SON
sr:competitor:759900,"Lanik, Tomas",Slovakia,SVK,LAN
sr:competitor:180104,"Reymond, Arthur",France,FRA,REY
sr:competitor:308834,"Schachter, Noah",USA,USA,SCH
sr:competitor:130442,"Rai, Ajeet",New Zealand,NZL,RAI
sr:competitor:49417,"Tu, Li",Australia,AUS,TUL
sr:competitor:170964,"Bittoun Kouzmine, Constantin",France,FRA,BIT
sr:competitor:154490,"Pearson, Kody",Australia,AUS,PEA
sr:competitor:116616,"Clarke, Jay",Great Britain,GBR,CLA
sr:competitor:154570,"Orlov, Vladyslav",Ukraine,UKR,ORL
sr:competitor:93597,"Pellegrino, Andrea",Italy,ITA,PEL
sr:competitor:774476,"Debru, Gabriel",France,FRA,DEB
sr:competitor:723013,"Pokorny, Lukas",Slovakia,SVK,POK
sr:competitor:38180,"Mena, Facundo",Argentina,ARG,MEN
sr:competitor:121248,"Roveri Sidney, Gabriel",Brazil,BRA,ROV
sr:competitor:57703,"Pouille, Lucas",France,FRA,POU
sr:competitor:15931,"Brown, Dustin",Jamaica,JAM,BRO
sr:competitor:51141,"Carballes Baena, Roberto",Spain,ESP,CAR
sr:competitor:392066,"Navone, Mariano",Argentina,ARG,NAV
sr:competitor:682911,"Faria, Jaime",Portugal,PRT,FAR
sr:competitor:50360,"Margaroli, Luca",Switzerland,CHE,MAR
sr:competitor:126402,"Denolly, Corentin",France,FRA,DEN
sr:competitor:126622,Ruehl. Tim,Germany,DEU,RUE
sr:competitor:645442,"Genov, Anthony",Bulgaria,BGR,GEN
sr:competitor:226124,"Holmgren, August",Denmark,DNK,HOL
sr:competitor:220588,"Hsu, Yu Hsiou",Chinese Taipei,TPE,HSU
sr:competitor:767058,"Lobanov, Aleksandr",Neutral,,LOB
sr:competitor:22962,"Jebavy, Roman",Czechia,CZE,JEB
sr:competitor:205767,"Cretu, Cezar (2001)",Romania,ROU,CRE
sr:competitor:645452,"Nesterov, Pyotr",Bulgaria,BGR,NES
sr:competitor:113905,"Moreno de Alboran, Nicolas",USA,USA,MAN
sr:competitor:731833,"Kielan, Szymon",Poland,POL,KIE
sr:competitor:163540,"Hermans, Mats",Netherlands,NLD,HER
sr:competitor:412829,"Matsuda, Ryuki",Japan,JPN,MAT
sr:competitor:126356,"Munar, Jaume",Spain,ESP,MUN
sr:competitor:312436,"Hudd, Emile",Great Britain,GBR,HUD
sr:competitor:452787,"Kumar, Pranav",USA,USA,KUM
sr:competitor:437734,"Shin, Woobin",Republic of Korea,KOR,SHI
sr:competitor:223788,"Stepanov, Roy",Israel,ISR,STE
sr:competitor:614090,"Pieczonka, Filip",Poland,POL,PIE
sr:competitor:124934,"Lomakin, Grigoriy",Kazakhstan,KAZ,LOM
sr:competitor:458575,"Agostini, Simone",Italy,ITA,AGO
sr:competitor:60614,"Poljak, David",Czechia,CZE,POL
sr:competitor:448357,"Spizzirri, Eliot",USA,USA,SPI
sr:competitor:207777,"Imamura, Masamichi",Japan,JPN,IMA
sr:competitor:286367,"Krutykh, Oleksii",Ukraine,UKR,KRU
sr:competitor:681071,"Ganta, Sai Karteek Reddy",India,IND,GAN
sr:competitor:118166,"Bakshi, Aleksandre",Georgia,GEO,BAK
sr:competitor:244388,"Kalyanpur, Adil",India,IND,KAL
sr:competitor:121668,"Meligeni Alves, Felipe",Brazil,BRA,MEL
sr:competitor:163504,"Medvedev, Daniil",Neutral,,MED
sr:competitor:429603,"Rune, Holger",Denmark,DNK,RUN
sr:competitor:225050,"Sinner, Jannik",Italy,ITA,SIN
sr:competitor:106755,"Rublev, Andrey",Neutral,,RUB
sr:competitor:83397,"Ofner, Sebastian",Austria,AUT,OFN
sr:competitor:202735,"Carou, Ignacio",Uruguay,URY,CAR
sr:competitor:655845,"Quinn, Ethan",USA,USA,QUI
sr:competitor:381022,"Wendelken, Harry",Great Britain,GBR,WEN
sr:competitor:671229,"Winter, Edward",Australia,AUS,WIN
sr:competitor:263857,"De Krom, Michiel",Netherlands,NLD,DE
sr:competitor:138712,"Oradini, Giovanni",Italy,ITA,ORA
sr:competitor:193912,"Dev, S D Prajwal",India,IND,DEV
sr:competitor:407791,"Mackinlay, James",Great Britain,GBR,MAC
sr:competitor:65576,"Sakamoto, Pedro",Brazil,BRA,SAK
sr:competitor:855911,"Hrazdil, Jan",Czechia,CZE,HRA
sr:competitor:44553,"Herbert, Pierre-Hugues",France,FRA,HER
sr:competitor:90798,"Halys, Quentin",France,FRA,HAL
sr:competitor:58369,"Bolt, Alex",Australia,AUS,BOL
sr:competitor:111609,"Barroso Campos, Alberto",Spain,ESP,BAR
sr:competitor:679701,"Gueymard Wayenburg, Sascha",France,FRA,GUE
sr:competitor:220590,"Huang, Tsung-Hao",Chinese Taipei,TPE,HUA
sr:competitor:52276,"Krueger, Mitchell",USA,USA,KRU
sr:competitor:505542,"Grevelius, Erik",Sweden,SWE,GRE
sr:competitor:51100,"Roca Batalla, Oriol",Spain,ESP,ROC
sr:competitor:54903,"Karlovskiy, Evgeny",Neutral,,KAR
sr:competitor:309954,"Droguet, Titouan",France,FRA,DRO
sr:competitor:280559,"Catini, Niccolo",Italy,ITA,CAT
sr:competitor:16852,"Uzhylovskyi, Volodoymyr",Ukraine,UKR,UZV
sr:competitor:185388,"Humbert, Ugo",France,FRA,HUM
sr:competitor:739643,"Loof, Thijmen",Netherlands,NLD,LOO
sr:competitor:947875,"Zhou, Yi",China,CHN,ZHO
sr:competitor:437794,"Heinonen, Adam",Sweden,SWE,HEI
sr:competitor:452691,"Araujo, Pedro",Portugal,PRT,ARA
sr:competitor:450283,"Mpetshi Perricard, Giovanni",France,FRA,MPE
sr:competitor:321667,"Mayot, Harold",France,FRA,MAY
sr:competitor:240264,"Reis Da Silva, Joao Lucas",Brazil,BRA,REI
sr:competitor:497320,"Visker, Niels",Netherlands,NLD,VIS
sr:competitor:385204,"Verbin, Pavel",Neutral,,VER
sr:competitor:214824,"Aguilar, Juan Carlos",Canada,CAN,AGU
sr:competitor:215696,"Schell, Niklas",Germany,DEU,SCH
sr:competitor:973963,"Watt, James",New Zealand,NZL,WAT
sr:competitor:194668,"Wenger, Damien",Switzerland,CHE,WEN
sr:competitor:95939,"Whitehouse, Mark",Great Britain,GBR,WHI
sr:competitor:79227,"Sinclair, Colin",Northern Mariana Islands,MNP,SIN
sr:competitor:43761,"Collarini, Andrea",Argentina,ARG,COL
sr:competitor:182086,"Bass, Finn",Great Britain,GBR,BAS
sr:competitor:378220,"Huertas Del Pino Cordova, Arklon",Peru,PER,HUE
sr:competitor:215492,"Cui, Jie",China,CHN,CUI
sr:competitor:620338,"Sharipov, Marat",Neutral,,SHA
sr:competitor:48281,"Rungkat, Christopher",Indonesia,IDN,RUN
sr:competitor:240876,"Crawford, Oliver",Great Britain,GBR,CRA
sr:competitor:156826,"van Wyk, Kris",South Africa,ZAF,VAN
sr:competitor:57021,"Kovalik, Jozef",Slovakia,SVK,KOV
sr:competitor:298118,"Summers, Matthew",Great Britain,GBR,SUM
sr:competitor:64790,"Kalovelonis, Markos",Greece,GRC,KAL
sr:competitor:208123,"Maginley, Jody",Antigua and Barbuda,ATG,MAG
sr:competitor:294300,"Nakashima, Brandon",USA,USA,NAK
sr:competitor:287543,"Hulme, Matt",Australia,AUS,HUL
sr:competitor:785974,"La Serna, Juan Manuel",Argentina,ARG,LA
sr:competitor:663757,"Jones, Maximus",Thailand,THA,JON
sr:competitor:272245,"Latinovic, Stefan",Serbia,SRB,LAT
sr:competitor:104967,"Brouwer, Gijs",Netherlands,NLD,BRO
sr:competitor:205773,"Sanchez Jover, Carlos",Spain,ESP,SAN
sr:competitor:435758,"Vanshelboim, Eric",Ukraine,UKR,VAN
sr:competitor:229024,"Zahraj, Patrick",Germany,DEU,ZAH
sr:competitor:93589,"Kellovsky, Dominik",Czechia,CZE,KEL
sr:competitor:65606,"Agamenone, Franco",Italy,ITA,AGA
sr:competitor:644676,"Milev, Yanaki",Bulgaria,BGR,MIL
sr:competitor:138528,"Mejia, Nicolas",Colombia,COL,MEJ
sr:competitor:76251,"Bobrov, Bogdan",Neutral,,BOB
sr:competitor:345060,"Kingsley, Cannon",USA,USA,KIN
sr:competitor:359608,"Maestrelli, Francesco",Italy,ITA,MAE
sr:competitor:16781,"Sharan, Divij",India,IND,SHA
sr:competitor:50901,"Popko, Dmitry",Kazakhstan,KAZ,POP
sr:competitor:307112,"Erel, Yanki",Turkiye,TUR,ERE
sr:competitor:132558,"Kolar, Zdenek",Czechia,CZE,KOL
sr:competitor:439474,"Jermar, Jan",Czechia,CZE,JER
sr:competitor:873679,"Bondioli, Federico",Italy,ITA,BON
sr:competitor:405969,"Paulson, Andrew",Czechia,CZE,PAU
sr:competitor:63642,"Kwiatkowski, Thai-Son",USA,USA,KWI
sr:competitor:251091,"Noguchi, Rio",Japan,JPN,NOG
sr:competitor:833418,"Del Pino, Mateo",Argentina,ARG,DEL
sr:competitor:57759,"Oliveira, Gonzalo",Venezuela,VEN,OLI
sr:competitor:215778,"Izquierdo Luque, Rafael",Spain,ESP,IZQ
sr:competitor:202681,"Marrero Curbelo, Ivan",Spain,ESP,MAR
sr:competitor:119126,"Taylor, Adam (1991)",Australia,AUS,TAY
sr:competitor:163636,"Klein, Lukas",Slovakia,SVK,KLE
sr:competitor:119248,"Ruud, Casper",Norway,NOR,RUU
sr:competitor:62488,"Harris, Andrew",Australia,AUS,HAR
sr:competitor:54573,"Coria, Federico",Argentina,ARG,COR
sr:competitor:161262,"Seyboth Wild, Thiago",Brazil,BRA,SEY
sr:competitor:144102,"Weis, Alexander",Italy,ITA,WEI
sr:competitor:951223,"Sanchez Quilez, Alejo",Spain,ESP,SAN
sr:competitor:65992,"Paz, Juan Pablo",Argentina,ARG,PAZ
sr:competitor:242556,"McHugh, Aidan",Great Britain,GBR,MCH
sr:competitor:524256,"Beckley, Alec",South Africa,ZAF,BEC
sr:competitor:565070,"Monday, Johannus",Great Britain,GBR,MON
sr:competitor:418163,"Perfetti, Noah",Italy,ITA,PER
sr:competitor:210502,"Kopp, Sandro",Austria,AUT,KOP
sr:competitor:96239,"Durasovic, Viktor",Norway,NOR,DUR
sr:competitor:210592,"Ribeiro, Eduardo",Brazil,BRA,RIB
sr:competitor:54975,"Casanova, Hernan",Argentina,ARG,CAS
sr:competitor:177686,"Barranco Cosano, Javier",Spain,ESP,BAR
sr:competitor:186629,"Kirkin, Ergi",Turkiye,TUR,KIR
sr:competitor:199196,"Sanchez Izquierdo, Nikolas",Spain,ESP,SAI
sr:competitor:282183,"Rottoli, Lorenzo",Italy,ITA,ROT
sr:competitor:58783,"Song, Min-Kyu",Republic of Korea,KOR,SON
sr:competitor:564952,"Kusuhara, Yusuke",Japan,JPN,KUS
sr:competitor:213170,"Blanchet, Ugo",France,FRA,BLA
sr:competitor:15743,"Istomin, Denis",Uzbekistan,UZB,IST
sr:competitor:57327,"Domingues, Joao",Portugal,PRT,DOM
sr:competitor:180446,"Wessels, Louis",Germany,DEU,WES
sr:competitor:301896,"Ovcharenko, Oleksandr",Ukraine,UKR,OVC
sr:competitor:63606,"Rinderknech, Arthur",France,FRA,RIN
sr:competitor:60592,"Lee, Jeamoon",Republic of Korea,KOR,LEE
sr:competitor:111837,"Harris, Billy",Great Britain,GBR,HAR
sr:competitor:152898,"Gengel, Marek",Czechia,CZE,GEN
sr:competitor:373348,"Pucinelli de Almeida, Matheus",Brazil,BRA,PDA
sr:competitor:114885,"Nikles, Johan",Switzerland,CHE,NIK
sr:competitor:252233,"Tang, Sheng",China,CHN,TAN
sr:competitor:137890,"Vale, Duarte",Portugal,PRT,VAL
sr:competitor:978579,"Ghazouani Durand, Yanis",France,FRA,GHA
sr:competitor:71280,"Kokkinakis, Thanasi",Australia,AUS,KOK
sr:competitor:287541,"Sweeny, Dane",Australia,AUS,SWE
sr:competitor:684577,"Muller, Rik",Netherlands,NLD,MUL
sr:competitor:283759,"Chidekh, Clement",France,FRA,CHI
sr:competitor:938667,"Schwaerzler, Joel",Austria,AUT,SCH
sr:competitor:165234,"Vasa, Eero",Finland,FIN,VAS
sr:competitor:447733,"Hands, Tom",Great Britain,GBR,HAN
sr:competitor:256375,"Jeong, Yeongseok",Republic of Korea,KOR,JEO
sr:competitor:387066,"Forejtek, Jonas",Czechia,CZE,FOR
sr:competitor:570833,"Rodriguez Rodriguez, Johan Alexander",Colombia,COL,ROD
sr:competitor:501410,"Hignett, Liam",Great Britain,GBR,HIG
sr:competitor:246745,"Tajima, Naoki",Japan,JPN,TAJ
sr:competitor:759758,"Sakellaridis, Dimitris",Greece,GRC,SAK
sr:competitor:56361,"Sels, Jelle",Netherlands,NLD,SEL
sr:competitor:130438,"Ponwith, Nathan",USA,USA,PON
sr:competitor:269523,"Bax, Florent",France,FRA,BAX
sr:competitor:997473,"Bernet, Henry",Switzerland,CHE,BER
sr:competitor:107625,"Janvier, Maxime",France,FRA,JAN
sr:competitor:100317,"Turker, Mert Naci",Turkiye,TUR,TUR
sr:competitor:404753,"Saritas, Gokberk",Turkiye,TUR,SAR
sr:competitor:686911,"Poljicak, Mili",Croatia,HRV,POL
sr:competitor:217038,"Seeman, Johannes",Estonia,EST,SEE
sr:competitor:976405,"Taguchi, Ryotaro",Japan,JPN,TAG
sr:competitor:322729,"Bueno Gil, Alvaro",Spain,ESP,BUE
sr:competitor:220932,"Shin, Sanhui",Republic of Korea,KOR,SHI
sr:competitor:403357,"Thayne, Wally",USA,USA,THA
sr:competitor:418167,"Garcian, Axel",France,FRA,GAR
sr:competitor:120926,"Libietis, Mikelis",Latvia,LVA,LIB
sr:competitor:101157,"Rybakov, Alex",USA,USA,RYB
sr:competitor:990785,"Zheng, Zhan",China,CHN,ZHE
sr:competitor:327067,"Beloborodko, Illya",Ukraine,UKR,BI
sr:competitor:60502,"Karatsev, Aslan",Neutral,,KAR
sr:competitor:112987,"Handel, Tim",Germany,DEU,HAN
sr:competitor:269535,"Potenza, Luca",Italy,ITA,POT
sr:competitor:161874,"Corwin, Felix",USA,USA,COR
sr:competitor:867575,"Massard, Loann",France,FRA,MAS
sr:competitor:181384,"Sinha, Nitin Kumar",India,IND,SIN
sr:competitor:113859,"Bellier, Antoine",Switzerland,CHE,BEL
sr:competitor:268725,"Ramskogler, Gregor",Austria,AUT,RAM
sr:competitor:609146,"Okonkwo, Oliver",Great Britain,GBR,OKO
sr:competitor:120958,"Bertran, Peter",Dominican Republic,DOM,BER
sr:competitor:373852,"Zink, Tyler",USA,USA,ZIN
sr:competitor:47767,"Lamasine, Tristan",France,FRA,LAM
sr:competitor:801374,"Gea, Arthur",France,FRA,GEA
sr:competitor:294248,"Hellum Lilleengen, Lukas",Norway,NOR,HEL
sr:competitor:908699,"Bilardo, Jacopo",Italy,ITA,BIL
sr:competitor:187695,"Kozlov, Boris",USA,USA,KOZ
sr:competitor:783794,"Singh, Karan",India,IND,SIN
sr:competitor:72376,"Siniakova, Katerina",Czechia,CZE,SIN
sr:competitor:74949,"Routliffe, Erin",New Zealand,NZL,ROU
sr:competitor:43860,"Dabrowski, Gabriela",Canada,CAN,DAB
sr:competitor:41520,"Kichenok, Lyudmyla",Ukraine,UKR,KIC
sr:competitor:51387,"Townsend, Taylor",USA,USA,TOW
sr:competitor:64496,"Ostapenko, Jelena",Latvia,LVA,OST
sr:competitor:18936,"Hsieh, Su-Wei",Chinese Taipei,TPE,HSI
sr:competitor:78551,"Mertens, Elise",Belgium,BEL,MER
sr:competitor:19202,"Errani, Sara",Italy,ITA,ERR
sr:competitor:69208,"Paolini, Jasmine",Italy,ITA,PAO
sr:competitor:64021,"Krawczyk, Desirae",USA,USA,KRA
sr:competitor:46084,"Melichar-Martinez, Nicole",USA,USA,MEL
sr:competitor:119670,"Perez, Ellen",Australia,AUS,PER
sr:competitor:123824,"Dolehide, Caroline",USA,USA,DOL
sr:competitor:19932,"Muhammad, Asia",USA,USA,MUH
sr:competitor:48625,"Chan, Hao-Ching",Chinese Taipei,TPE,CHA
sr:competitor:66968,"Kudermetova, Veronika",Neutral,,KUD
sr:competitor:47810,"Khromacheva, Irina",Neutral,,KHR
sr:competitor:18354,"Mattek-Sands, Bethanie",USA,USA,MAT
sr:competitor:99131,"Bucsa, Cristina",Spain,ESP,BUC
sr:competitor:37508,"Siegemund, Laura",Germany,DEU,SIE
sr:competitor:69718,"Danilina, Anna",Kazakhstan,KAZ,DAN
sr:competitor:91960,"Kenin, Sofia",USA,USA,KEN
sr:competitor:50537,"Schuurs, Demi",Netherlands,NLD,SCH
sr:competitor:373352,"Gauff, Coco",USA,USA,GAU
sr:competitor:33593,"Mladenovic, Kristina",France,FRA,MLA
sr:competitor:19607,"Zhang, Shuai",China,CHN,ZHA
sr:competitor:96075,"Stefani, Luisa",Brazil,BRA,STE
sr:competitor:60398,"Krejcikova, Barbora",Czechia,CZE,KRE
sr:competitor:24431,"Panova, Alexandra",Neutral,,PAN
sr:competitor:45835,"Hunter, Storm",Australia,AUS,HUN
sr:competitor:289507,"Fernandez, Leylah Annie",Canada,CAN,FER
sr:competitor:166124,"Olmos, Giuliana",Mexico,MEX,OLM
sr:competitor:19655,"Niculescu, Monica",Romania,ROU,NIC
sr:competitor:51481,"Sutjiadi, Aldila",Indonesia,IDN,SUT
sr:competitor:153652,"Guo, Hanyu",China,CHN,GUO
sr:competitor:66432,"Kato, Miyu",Japan,JPN,KAT
sr:competitor:47801,"Eikeri, Ulrikke",Norway,NOR,EIK
sr:competitor:129714,"Nicholls, Olivia",Great Britain,GBR,NIC
sr:competitor:49682,"Kichenok, Nadiia",Ukraine,UKR,KIC
sr:competitor:142996,"Mihalikova, Tereza",Slovakia,SVK,MIH
sr:competitor:138452,"Shibahara, Ena",Japan,JPN,SHI
sr:competitor:19974,"Xu, Yifan",China,CHN,YIF
sr:competitor:70784,"Hozumi, Eri",Japan,JPN,HOZ
sr:competitor:60392,"Sorribes Tormo, Sara",Spain,ESP,SOR
sr:competitor:150122,"Jiang, Xinyu",China,CHN,JIA
sr:competitor:43547,"Aoyama, Shuko",Japan,JPN,AOY
sr:competitor:44834,"Pegula, Jessica",USA,USA,PEG
sr:competitor:105463,"Bouzkova, Marie",Czechia,CZE,BOU
sr:competitor:588071,"Shnaider, Diana",Neutral,,SHN
sr:competitor:60668,"Ninomiya, Makoto",Japan,JPN,NIN
sr:competitor:182178,"Wu, Fang-Hsien",Chinese Taipei,TPE,FAN
sr:competitor:272217,"Wang, Xinyu",China,CHN,WAN
sr:competitor:61606,"Sizikova, Yana",Neutral,,SIZ
sr:competitor:59702,"Haddad Maia, Beatriz",Brazil,BRA,HAD
sr:competitor:103901,"Ruse, Elena-Gabriela",Romania,ROU,RUS
sr:competitor:128584,"Samsonova, Liudmila",Neutral,,SAM
sr:competitor:43102,"Babos, Timea",Hungary,HUN,BAB
sr:competitor:67759,"Alexandrova, Ekaterina",Neutral,,ALE
sr:competitor:278887,"Kostyuk, Marta",Ukraine,UKR,KOS
sr:competitor:53789,"Dart, Harriet",Great Britain,GBR,DAR
sr:competitor:19731,"Piter, Katarzyna",Poland,POL,PIT
sr:competitor:23158,"Stephens, Sloane",USA,USA,STE
sr:competitor:401055,"Noskova, Linda",Czechia,CZE,NOS
sr:competitor:41524,"Krunic, Aleksandra",Serbia,SRB,KA
sr:competitor:41404,"Watson, Heather",Great Britain,GBR,WAT
sr:competitor:135854,"Neel, Ingrid",Estonia,EST,NEE
sr:competitor:871583,"Andreeva, Mirra",Neutral,,AND
sr:competitor:47697,"Zheng, Saisai",China,CHN,ZHE
sr:competitor:549759,"Krueger, Ashlyn",USA,USA,KRU
sr:competitor:157672,"Stollar, Fanny",Hungary,HUN,STO
sr:competitor:37504,"Kalashnikova, Oksana",Georgia,GEO,KAL
sr:competitor:41877,"Yuan, Yue",China,CHN,YUA
sr:competitor:52695,"Moratelli, Angelica",Italy,ITA,MOR
sr:competitor:42289,"Linette, Magda",Poland,POL,LIN
sr:competitor:42339,"Garcia, Caroline",France,FRA,GAR
sr:competitor:215476,"Siskova, Anna",Czechia,CZE,SIS
sr:competitor:256547,"Parks, Alycia",USA,USA,PAR
sr:competitor:234150,"Potapova, Anastasia",Neutral,,POT
sr:competitor:194106,"Tang, Qianhui",China,CHN,TAN
sr:competitor:69602,"Lumsden, Maia",Great Britain,GBR,LUM
sr:competitor:252223,"Rakhimova, Kamilla",Neutral,,RAK
sr:competitor:52025,"Wang, Yafan",China,CHN,WAN
sr:competitor:71754,"Gamarra Martins, Ingrid",Brazil,BRA,GAM
sr:competitor:18298,"Zvonareva, Vera",Neutral,,ZVO
sr:competitor:73542,"Gleason, Quinn",USA,USA,GLE
sr:competitor:150574,"Bondar, Anna",Hungary,HUN,BON
sr:competitor:42492,"Kawa, Katarzyna",Poland,POL,KAW
sr:competitor:48451,"Cavalle-Reimers, Yvonne",Spain,ESP,CAV
sr:competitor:54175,"Zimmermann, Kimberley",Belgium,BEL,ZIM
sr:competitor:262759,"Wang, Xiyu",China,CHN,WAN
sr:competitor:44977,"Santamaria, Sabrina",USA,USA,SAN
sr:competitor:182054,"Skoch, Miriam",Czechia,CZE,SKO
sr:competitor:168526,"Appleton, Emily",Great Britain,GBR,APP
sr:competitor:173748,"Detiuc, Anastasia",Czechia,CZE,DET
sr:competitor:49907,"Murray Sharan, Samantha",Great Britain,GBR,MUS
sr:competitor:51651,"Rosatello, Camilla",Italy,ITA,ROS
sr:competitor:92879,"Shymanovich, Iryna",Neutral,,SHY
sr:competitor:228418,"Navarro, Emma",USA,USA,NAV
sr:competitor:19546,"Pavlyuchenkova, Anastasia",Neutral,,PAV
sr:competitor:192130,"Blinkova, Anna",Neutral,,BLI
sr:competitor:88310,"Sherif Ahmed Abdelaziz, Maiar",Egypt,EGY,SHE
sr:competitor:90664,"Kalinina, Anhelina",Ukraine,UKR,KAL
sr:competitor:286435,"Gadecki, Olivia",Australia,AUS,GAD
sr:competitor:45827,"Lechemia, Elixane",France,FRA,LEC
sr:competitor:227486,"Zantedeschi, Aurora",Italy,ITA,ZAN
sr:competitor:121760,"Anshba, Amina",Neutral,,ANS
sr:competitor:45902,"Sasnovich, Aliaksandra",Neutral,,SAS
sr:competitor:210558,"Jorge, Francisca",Portugal,PRT,JOR
sr:competitor:45545,"Putintseva, Yulia",Kazakhstan,KAZ,PUT
sr:competitor:51943,"Strakhova, Valeriya",Ukraine,UKR,STR
sr:competitor:52489,"Schoofs, Bibiane",Netherlands,NLD,SCH
sr:competitor:335171,"Uchijima, Moyuka",Japan,JPN,UCH
sr:competitor:53288,"Silva, Eden",Great Britain,GBR,SIL
sr:competitor:360038,"Stearns, Peyton",USA,USA,STE
sr:competitor:161270,"Salden, Lara",Belgium,BEL,SAL
sr:competitor:453301,"Jorge, Matilde",Portugal,PRT,JOR
sr:competitor:378340,"Corley, Carmen",USA,USA,COR
sr:competitor:72450,"Hibino, Nao",Japan,JPN,HIB
sr:competitor:67430,"Cascino, Estelle",France,FRA,CAS
sr:competitor:418583,"Haverlag, Isabelle",Netherlands,NLD,HAV
sr:competitor:318195,"Parry, Diane",France,FRA,PAR
sr:competitor:19847,"Rus, Arantxa",Netherlands,NLD,RUS
sr:competitor:369524,"Erjavec, Veronika",Slovenia,SVN,ERJ
sr:competitor:118096,"Papadakis, Lena",Germany,DEU,PAP
sr:competitor:235260,"Chwalinska, Maja",Poland,POL,CHW
sr:competitor:215598,"Vedder, Eva",Netherlands,NLD,VED
sr:competitor:143140,"Aney, Jessie",USA,USA,ANE
sr:competitor:628178,"Brooks, Madeleine",Great Britain,GBR,BRO
sr:competitor:303814,"Tikhonova, Anastasia",Neutral,,TIK
sr:competitor:50915,"Plipuech, Peangtarn",Thailand,THA,PLI
sr:competitor:64085,"Pigossi, Laura",Brazil,BRA,PIG
sr:competitor:373354,"Cocciaretto, Elisabetta",Italy,ITA,COC
sr:competitor:473609,"Kubka, Martyna",Poland,POL,KUB
sr:competitor:256447,"Monnet, Carole",France,FRA,MON
sr:competitor:771430,"Naef, Celine",Switzerland,CHE,NAE
sr:competitor:867519,"Tsao, Chia Yi",Chinese Taipei,TPE,TSA
sr:competitor:87090,"Chong, Eudice","Hong Kong, China",HKG,CHO
sr:competitor:98607,"Chang, Sophie",USA,USA,CHA
sr:competitor:179146,"Kalinskaya, Anna",Neutral,,KAL
sr:competitor:297588,"Romero Gormaz, Leyre",Spain,ESP,ROM
sr:competitor:67757,"Pera, Bernarda",USA,USA,PER
sr:competitor:226306,"Corley, Ivana",USA,USA,COR
sr:competitor:448121,"Rogers, Anna",USA,USA,ROG
sr:competitor:61526,"Thombare, Prarthana",India,IND,THO
sr:competitor:345070,"Arseneault, Ariana",Canada,CAN,ARS
sr:competitor:319455,"Baptiste, Hailey",USA,USA,BAP
sr:competitor:108621,"Kempen, Magali",Belgium,BEL,KEM
sr:competitor:91916,"Grey, Sarah Beth",Great Britain,GBR,GRE
sr:competitor:189384,"Kulambayeva, Zhibek",Kazakhstan,KAZ,KUL
sr:competitor:46428,"Maleckova, Jesika",Czechia,CZE,MAL
sr:competitor:799304,"Pridankina, Elena",Neutral,,PRI
sr:competitor:152804,"Vondrousova, Marketa",Czechia,CZE,VON
sr:competitor:227390,"Brancaccio, Nuria",Italy,ITA,BRA
sr:competitor:208125,"Liang, En-Shuo",Chinese Taipei,TPE,LIA
sr:competitor:71284,"Bains, Naiktha",Great Britain,GBR,BAI
sr:competitor:46528,"Perrin, Conny",Switzerland,CHE,PER
sr:competitor:110803,"Minnen, Greet",Belgium,BEL,MIN
sr:competitor:568715,"Semenistaja, Darja",Latvia,LVA,SEM
sr:competitor:92877,"Fossa Huergo, Nicole",Italy,ITA,FOS
sr:competitor:111189,"Zarazua, Renata",Mexico,MEX,ZAR
sr:competitor:235252,"Kozyreva, Maria",Neutral,,KOZ
sr:competitor:170880,"Kononova, Maria",Neutral,,KON
sr:competitor:325837,"Sakellaridi, Sapfo",Greece,GRC,SAK
sr:competitor:260987,"Osuigwe, Whitney",USA,USA,OSU
sr:competitor:190882,"Aiava, Destanee",Australia,AUS,AIA
sr:competitor:82609,"Grammatikopoulou, Valentini",Greece,GRC,GRA
sr:competitor:129534,"Hruncakova, Viktoria",Slovakia,SVK,HRU
sr:competitor:137932,"Mikulskyte, Justina",Lithuania,LTU,MIK
sr:competitor:102637,"McAdoo, Rasheeda",USA,USA,MCA
sr:competitor:65610,"Wagner, Anita",Bosnia & Herzegovina,BIH,WAG
sr:competitor:147506,"Fourlis, Jaimee",Australia,AUS,FOU
sr:competitor:215806,"Hewitt, Dalayna",USA,USA,HEW
sr:competitor:88494,"Christie, Freya",Great Britain,GBR,CHR
sr:competitor:119216,"Herrero Linana, Alicia",Spain,ESP,HER
sr:competitor:195408,"Shimizu, Ayano",Japan,JPN,SHI
sr:competitor:569013,"Fernandez, Bianca Jolie",Canada,CAN,FER
sr:competitor:41359,"Yashina, Ekaterina",Neutral,,YAS
sr:competitor:133662,"Badosa, Paula",Spain,ESP,BAD
sr:competitor:245673,"Feng, Shuo",China,CHN,FEN
sr:competitor:805538,"Cross, Kayla",Canada,CAN,CRO
sr:competitor:143146,"Smith, Alana",USA,USA,SMI
sr:competitor:250285,"Falkowska, Weronika",Poland,POL,FAL
sr:competitor:310984,"Sato, Naho",Japan,JPN,SAT
sr:competitor:608348,"Kupres, Mia",Canada,CAN,KUP
sr:competitor:206995,"Rosca, Christina",USA,USA,ROS
sr:competitor:49118,"Harrison, Catherine",USA,USA,HAR
sr:competitor:119410,"Krywoj, Melany Solange",Argentina,ARG,KRY
sr:competitor:52533,"Jakupovic, Dalila",Slovenia,SVN,JAK
sr:competitor:448081,"Noha Akugue, Noma",Germany,DEU,NOH
sr:competitor:160190,"Hartono, Arianne",Netherlands,NLD,HAR
sr:competitor:45139,"Papamichail, Despina",Greece,GRC,PAP
sr:competitor:52183,"Bara, Irina Maria",Romania,ROU,BARA
sr:competitor:97031,"Christofi, Eleni",Greece,GRC,CHR
sr:competitor:789688,"Ngounoue, Clervie",USA,USA,NGO
sr:competitor:64315,"Kuwata, Hiroko",Japan,JPN,KUW
sr:competitor:73500,"Loeb, Jamie",USA,USA,LOE
sr:competitor:183957,"Kobori, Momoko",Japan,JPN,KOB
sr:competitor:244216,"Giavara, Haley",USA,USA,GIA
sr:competitor:378144,"Karatancheva, Lia",Bulgaria,BGR,KAR
sr:competitor:119874,"Ibbou, Ines",Algeria,DZA,IBB
sr:competitor:105099,"Birrell, Kimberly",Australia,AUS,BIR
sr:competitor:676251,"Wuerth, Tara",Croatia,HRV,WUR
sr:competitor:59762,"Barnett, Alicia",Great Britain,GBR,BAR
sr:competitor:242630,"Osorio, Camila",Colombia,COL,OSO
sr:competitor:26120,"Marino, Rebecca",Canada,CAN,MAR
sr:competitor:110299,"Zidansek, Tamara",Slovenia,SVN,ZID
sr:competitor:70728,"Bhosale, Rutuja",India,IND,BHO
sr:competitor:93657,"Karamoko, Naima",Switzerland,CHE,KAR
sr:competitor:120666,"Stojanovic, Nina",Serbia,SRB,STO
sr:competitor:137990,"Failla, Jessica",USA,USA,FAI
sr:competitor:72758,"Cristian, Jaqueline Adina",Romania,ROU,CRI
sr:competitor:414533,"Abbagnato, Anastasia",Italy,ITA,ABB
sr:competitor:416473,"Reyngold, Ekaterina",Neutral,,REY
sr:competitor:192108,"Yastremska, Dayana",Ukraine,UKR,YAS
sr:competitor:99405,"Inglis, Maddison",Australia,AUS,ING
sr:competitor:80427,"Osborne, Alexandra",Australia,AUS,OSB
sr:competitor:203893,"Kucmova, Aneta",Czechia,CZE,KUC
sr:competitor:762762,"Seidel, Ella",Germany,DEU,SEI
sr:competitor:46625,"Raina, Ankita",India,IND,RAI
sr:competitor:40994,"Saville, Daria",Australia,AUS,SAV
sr:competitor:43527,"Kumkhum, Luksika",Thailand,THA,KUM
sr:competitor:505998,"Zamarripa, Maribella",USA,USA,ZAM
sr:competitor:904005,"Ibragimova, Alevtina",Neutral,,IBR
sr:competitor:99429,"Hule, Petra",Australia,AUS,HUL
sr:competitor:662615,"Salkova, Dominika",Czechia,CZE,SAL
sr:competitor:156040,"Cho, I-Hsuan",Chinese Taipei,TPE,CHO
sr:competitor:210670,"Cho, Yi Tsen",Chinese Taipei,TPE,CHO
sr:competitor:63220,"Ponchet, Jessika",France,FRA,PON
sr:competitor:499098,"Ito, Aoi",Japan,JPN,ITO
sr:competitor:148276,"Zheng, Wushuang",China,CHN,ZHE
sr:competitor:45584,"Zhu, Lin",China,CHN,ZHU
sr:competitor:87078,"Hourigan, Paige Mary",New Zealand,NZL,HOU
sr:competitor:136372,"Parnaby, Alana",Australia,AUS,PAR
sr:competitor:385206,"Radisic, Nika",Slovenia,SVN,RAD
sr:competitor:627278,"Eala, Alexandra",Philippines,PHL,EAL
sr:competitor:776340,"Joint, Maya",Australia,AUS,JOI
sr:competitor:202363,"Sun, Lulu",New Zealand,NZL,SUN
sr:competitor:141892,"Carle, Maria",Argentina,ARG,CAR
sr:competitor:50655,"Friedsam, Anna-Lena",Germany,DEU,FRI
sr:competitor:763112,"Struplova, Julie",Czechia,CZE,STR
sr:competitor:172590,"Burrage, Jodie Anna",Great Britain,GBR,BUR
sr:competitor:282597,"Park, Sohyun",Republic of Korea,KOR,PAR
sr:competitor:192572,"Portillo Ramirez, Maria Jose",Mexico,MEX,POR
sr:competitor:181062,"Kung, Leonie",Switzerland,CHE,KUN
sr:competitor:222546,"Kuzmova, Katarina",Slovakia,SVK,KUZ
sr:competitor:675189,"Preston, Taylah",Australia,AUS,PRE
sr:competitor:59213,"Perez Garcia, Maria Paulina",Colombia,COL,PER
sr:competitor:283489,"Imamura, Saki",Japan,JPN,IMA
sr:competitor:868599,"McDonald, Ella",Great Britain,GBR,MCD
sr:competitor:353358,"Tran, Lian",Netherlands,NLD,TRA
sr:competitor:731441,"Vargova, Nina",Slovakia,SVK,VAR
sr:competitor:79443,"Cabrera, Lizette",Australia,AUS,CAB
sr:competitor:448613,"Falkner, Ziva",Slovenia,SVN,FAL
sr:competitor:60028,"Zeballos Melgar, Noelia",Bolivia,BOL,ZEM
sr:competitor:210716,"Lamens, Suzan",Netherlands,NLD,LAM
sr:competitor:801396,"Gureva, Anastasiia",Neutral,,GUR
sr:competitor:47985,"Marcinkevica, Diana",Latvia,LVA,MAR
sr:competitor:341216,"Charaeva, Alina",Neutral,,CHA
sr:competitor:233478,"Bayerlova, Michaela",Czechia,CZE,BAY
sr:competitor:23082,"Rodionova, Arina",Australia,AUS,ROD
sr:competitor:152106,"Zaar, Lisa",Sweden,SWE,ZAA
sr:competitor:807358,"Rakotomanga Rajaonah, Tiantsoa Sarah",France,FRA,RAK
sr:competitor:70822,"Morisaki, Kanako",Japan,JPN,MOR
sr:competitor:343066,"Hosogi, Sakura",Japan,JPN,HOS
sr:competitor:366114,"Avanesyan, Elina",Armenia,ARM,AVA
sr:competitor:23688,"Moore, Tara",Great Britain,GBR,MOO
sr:competitor:265553,"Naito, Yuki",Japan,JPN,NAI
sr:competitor:409673,"Zelnickova, Radka",Slovakia,SVK,ZEL
sr:competitor:110055,"Bronzetti, Lucia",Italy,ITA,BRO
sr:competitor:132412,"Fita Boluda, Angela",Spain,ESP,FIT
sr:competitor:496316,"Gimbrere, Jasmijn",Netherlands,NLD,GIM
sr:competitor:567285,"Hietaranta, Laura",Finland,FIN,HIE
sr:competitor:86894,"Shinde, Vasanti",India,IND,SHI
sr:competitor:355958,"Visscher, Stephanie Judith",Netherlands,NLD,VIS
sr:competitor:845268,"Korneeva, Alina",Neutral,,KOR
sr:competitor:194572,"Dartron, Emeline",France,FRA,DAR
sr:competitor:62924,"Boulter, Katie",Great Britain,GBR,BOU
sr:competitor:46650,"Kolb, Nadia",Ukraine,UKR,KOL
sr:competitor:67194,"Kolb, Maryna",Ukraine,UKR,KOL
sr:competitor:233266,"Ovcharenko, Ekaterina",Neutral,,OVC
sr:competitor:292540,"Matsuda, Misaki",Japan,JPN,MAT
sr:competitor:75825,"Bektas, Emina",USA,USA,BEK
sr:competitor:104929,"Tona, Miriana",Italy,ITA,TON
sr:competitor:119496,"McPhee, Kaylah",Australia,AUS,MCP
sr:competitor:290994,"Wong, Hong Yi Cody","Hong Kong, China",HKG,WON
sr:competitor:69988,"Korpatsch, Tamara",Germany,DEU,KOR
sr:competitor:755469,"Todoni, Anca Alexia",Romania,ROU,TOD
sr:competitor:673491,"Szabo, Briana",Romania,ROU,SZA
sr:competitor:343294,"Kubanova, Karolina",Czechia,CZE,KUB
sr:competitor:122668,"Daniel, Jaeda",USA,USA,DAN
sr:competitor:812502,"Xu, Mingge",Great Britain,GBR,MIN
sr:competitor:51315,"Anderson, Robin",USA,USA,AND
sr:competitor:198498,"Hutchinson, Holly",Great Britain,GBR,HUT
sr:competitor:115507,"Bolsova, Aliona",Spain,ESP,BOL
sr:competitor:142942,"Bozovic, Alexandra",Australia,AUS,BOZ
sr:competitor:870981,"Li, Yu-Yun",Chinese Taipei,TPE,YU-
sr:competitor:278943,"Lansere, Sofya",Neutral,,LAN
sr:competitor:517274,"Rajecki, Amelia",Great Britain,GBR,RAJ
sr:competitor:202795,"Vismane, Daniela",Latvia,LVA,VIS
sr:competitor:395740,"Bhamidipaty, Shrivalli Rashmikaa",India,IND,BHA
sr:competitor:242602,"McNally, Catherine",USA,USA,MCC
sr:competitor:41737,"Jang, Su Jeong",Republic of Korea,KOR,JAN
sr:competitor:48486,"Gorgodze, Ekaterine",Georgia,GEO,GOR
sr:competitor:337813,"Riera, Julia",Argentina,ARG,RIE
sr:competitor:510530,"Abe, Hiromi",Japan,JPN,ABE
sr:competitor:447703,"Sato, Hikaru",Japan,JPN,SAT
sr:competitor:165866,"Miyazaki, Yuriko Lily",Great Britain,GBR,MIY
sr:competitor:54397,"Tig, Patricia Maria",Romania,ROU,TIG
sr:competitor:45900,"Marozava, Lidziya",Neutral,,MAR
sr:competitor:226092,"Shimizu, Eri",Japan,JPN,SHI
sr:competitor:225130,"Starodubtseva, Yuliia",Ukraine,UKR,STA
sr:competitor:145930,"Hayashi, Erina",Japan,JPN,HAY
sr:competitor:319349,"Rouvroy, Margaux",France,FRA,ROU
sr:competitor:37638,"Sema, Erika",Japan,JPN,SEM
sr:competitor:106341,"Knutson, Gabriela",Czechia,CZE,KNU
sr:competitor:46273,"Dinu, Cristina",Romania,ROU,DIN
sr:competitor:51477,"Mitu, Andreea",Romania,ROU,MIT
sr:competitor:58053,"Sharma, Astra",Australia,AUS,SHA
sr:competitor:120664,"Pedretti, Thaisa Grana",Brazil,BRA,PED
sr:competitor:445209,"Xiao, Zhenghua",China,CHN,XIA
sr:competitor:154806,"Laskutova, Ksenia",Russia,RUS,LAS
sr:competitor:285629,"Hindova, Denisa",Czechia,CZE,HIN
sr:competitor:138654,"Duerst, Jenny",Switzerland,CHE,DUE
sr:competitor:153860,"Trevisan, Martina",Italy,ITA,TRE
sr:competitor:70970,"Bhatia, Riya",India,IND,BHA
sr:competitor:209716,"Mansouri, Yasmine",France,FRA,MAN
sr:competitor:194690,"Mateas, Maria",USA,USA,MAT
sr:competitor:61922,"Drazic, Mariana",Croatia,HRV,DRA
sr:competitor:63238,"Morderger, Yana",Germany,DEU,MOR
sr:competitor:49963,"Omae, Akiko",Japan,JPN,OMA
sr:competitor:337811,"Ortenzi, Jazmin",Argentina,ARG,ORT
sr:competitor:217036,"Malygina, Elena",Estonia,EST,MAL
sr:competitor:223862,"Laboutkova, Aneta",Czechia,CZE,LAB
sr:competitor:213140,"Lene, Emma",France,FRA,LEN
sr:competitor:282057,"Guo, Meiqi",China,CHN,GUO
sr:competitor:345134,"Lee, Ya-Hsin",Chinese Taipei,TPE,LEE
sr:competitor:137962,"Day, Kayla",USA,USA,DAY
sr:competitor:132988,"MA, Yexin",China,CHN,YEX
sr:competitor:936009,"van Emst, Sarah",Netherlands,NLD,VAN
sr:competitor:25822,"Shapatava, Sofia",Georgia,GEO,SHA
sr:competitor:153744,"Pereira, Rebeca",Brazil,BRA,PER
sr:competitor:513582,"Chaudhari, Vaidehi",India,IND,CHA
sr:competitor:55401,"Jabeur, Ons",Tunisia,TUN,JAB
sr:competitor:731427,"Micic, Elena",Australia,AUS,MIC
sr:competitor:467037,"Kudermetova, Polina",Neutral,,KUD
sr:competitor:896765,"Ishii, Sayaka",Japan,JPN,ISH
sr:competitor:280989,"Kawamura, Mana",Japan,JPN,KAW
sr:competitor:289093,"Belgraver, Julie",France,FRA,BEL
sr:competitor:213144,"Lemaitre, Tiphanie",France,FRA,LEM
sr:competitor:849533,"Lin, Fang An",Chinese Taipei,TPE,LIN
sr:competitor:190870,"Collins, Ali",Great Britain,GBR,COL
sr:competitor:105063,"Gavrila, Oana",Romania,ROU,GAV
sr:competitor:1020177,"Huang, Yujia",China,CHN,HUA
sr:competitor:47876,"Shinikova, Isabella",Bulgaria,BGR,SHI
sr:competitor:254553,"Nagy, Adrienn",Hungary,HUN,NAG
sr:competitor:534045,"Gibson, Talia",Australia,AUS,GIB
sr:competitor:329009,"Ryser, Valentina",Switzerland,CHE,RYS
sr:competitor:588449,"Laskevich, Evialina",Neutral,,LAS
sr:competitor:341112,"Zakharova, Anastasia",Neutral,,ZAK
sr:competitor:403329,"Toth, Amarissa Kiara",Hungary,HUN,TOT
sr:competitor:234398,"Nahimana, Sada",Burundi,BDI,NAH
sr:competitor:813490,"Hobgarski, Katharina",Germany,DEU,HOB
sr:competitor:586739,"Ambrosio, Silvia",Italy,ITA,AMB
sr:competitor:315663,"Barry, Monique",New Zealand,NZL,BAR
sr:competitor:906635,"Shubladze, Alexandra",Neutral,,SHU
sr:competitor:565020,"Maklakova, Ekaterina",Neutral,,MAK
sr:competitor:810694,"Okuwaki, Rinon",Japan,JPN,OKU
sr:competitor:132370,"Kasatkina, Daria",Neutral,,KAS
sr:competitor:624838,"Shi, Han",China,CHN,SHI
sr:competitor:745799,"Urgesi, Federica",Italy,ITA,URG
sr:competitor:496378,"Yamazaki, Ikumi",Japan,JPN,YAM
sr:competitor:54983,"Morderger, Tayisiya",Germany,DEU,MOR
sr:competitor:99775,"Saigo, Yukina",Japan,JPN,SAI
sr:competitor:287769,"Kessler, McCartney",USA,USA,KES
sr:competitor:280635,"Schmidt, Antonia",Germany,DEU,SCH
sr:competitor:59662,"Sanchez, Ana Sofia",Mexico,MEX,SAN
sr:competitor:182056,"Robbe, Alice",France,FRA,ROB
sr:competitor:499484,"Montgomery, Robin",USA,USA,MON
sr:competitor:42864,"Lizarazo, Yuliana",Colombia,COL,LIZ
sr:competitor:843378,"Perez Alarcon, Lucciana",Peru,PER,PER
sr:competitor:406199,"Jacquemot, Elsa",France,FRA,JAC
sr:competitor:750329,"Candiotto, Ana",Brazil,BRA,CAN
sr:competitor:42459,"Rogers, Shelby",USA,USA,ROG
sr:competitor:164852,"Okalova, Martina",Slovakia,SVK,OKA
sr:competitor:750327,"Iatcenko, Polina",Neutral,,IAT
sr:competitor:158636,"Prisacariu, Andreea",Romania,ROU,PRI
sr:competitor:245295,"Waltert, Simona",Switzerland,CHE,WAL
sr:competitor:283483,"Kozaki, Funa",Japan,JPN,KOZ
sr:competitor:41355,"Bogdan, Ana",Romania,ROU,BOG
sr:competitor:60276,"Podoroska, Nadia",Argentina,ARG,POD
sr:competitor:20158,"Webley-Smith, Emily",Great Britain,GBR,WEB
sr:competitor:152762,"Kuczer, Daria",Poland,POL,KUC
sr:competitor:960043,"Zolotareva, Rada",Neutral,,ZOL
sr:competitor:435794,"Zolotareva, Anastasia",Neutral,,ZOL
sr:competitor:348196,"Amariei, Ilinca Dalina",Romania,ROU,AMA
sr:competitor:812476,"Zaytseva, Ksenia",Neutral,,ZAY
sr:competitor:206957,"Nagata, Anri",Japan,JPN,NAG
sr:competitor:728549,"Valentova, Tereza",Czechia,CZE,VAL
sr:competitor:741607,"Simunyu, Celine",Ireland,IRL,SIM
sr:competitor:66516,"Ayukawa, Mana",Japan,JPN,AYU
sr:competitor:48455,"Golubic, Viktorija",Switzerland,CHE,GOL
sr:competitor:202623,"Zavatska, Katarina",Ukraine,UKR,ZAV
sr:competitor:1020859,"Pawlikowska,  Zuzanna",Poland,POL,PAW
sr:competitor:299258,"Bartone, Kamilla",Latvia,LVA,BAR
sr:competitor:196664,"Shalimova, Ekaterina",Neutral,,SHA
sr:competitor:72634,"Ozeki, Michika",Japan,JPN,OZE
sr:competitor:341238,"Boehner, Laura",Germany,DEU,BOE
sr:competitor:18588,"Safarova, Lucie",Czechia,CZE,SAF
sr:competitor:264117,"Bolton, Elysia",Australia,AUS,BOL
sr:competitor:720625,"Radivojevic, Lola",Serbia,SRB,RAD
sr:competitor:330689,"Kovapitukted, Punnin",Thailand,THA,KOV
sr:competitor:45915,"Yang, Zhaoxuan",China,CHN,YAN
sr:competitor:47948,"Rosolska, Alicja",Poland,POL,ROS
sr:competitor:43196,"Dzalamidze, Natela",Georgia,GEO,DZA
sr:competitor:41374,"Tomova, Viktoriya",Bulgaria,BGR,TOM
sr:competitor:78785,"Rodriguez, Victoria",Mexico,MEX,ROD
sr:competitor:782216,"Drugdova, Salma",Slovakia,SVK,DRU
sr:competitor:19876,"Wickmayer, Yanina",Belgium,BEL,WIC
sr:competitor:80723,"Herazo Gonzalez, Maria Fernanda",Colombia,COL,HER
sr:competitor:153748,"Jones, Makenna",USA,USA,JON
sr:competitor:98523,"Ye, Qiu Yu",China,CHN,QIU
sr:competitor:389048,"Weckerle, Marie",Luxembourg,LUX,WEC
sr:competitor:171354,"Romero, Camila",Ecuador,ECU,ROM
sr:competitor:201105,"Yuan, Chengyiyi",China,CHN,YUA
sr:competitor:52388,"Hesse, Amandine",France,FRA,HES
sr:competitor:64606,"Cabaj Awad, Jacqueline",Sweden,SWE,CAB
sr:competitor:655811,"Avdeeva, Julia",Neutral,,AVD
sr:competitor:827440,"Fedorova, Aglaya",Neutral,,FED
sr:competitor:436690,"Tkacheva, Mariia",Neutral,,TKA
sr:competitor:282219,"Sakatsume, Himeno",Japan,JPN,SAK
sr:competitor:677411,"Barrera Aguirre, Isabella",USA,USA,BAR
sr:competitor:134532,"You, Xiaodi",China,CHN,YOU
sr:competitor:873729,"Bojica, Stefania",Romania,ROU,BOJ
sr:competitor:34486,"Tomljanovic, Ajla",Australia,AUS,TOM
sr:competitor:315623,"Wang, Jiaqi",China,CHN,WAN
sr:competitor:49358,"Pattinama Kerkhove, Lesley",Netherlands,NLD,PAK
sr:competitor:98105,"Matoula, Martha",Greece,GRC,MAT
sr:competitor:58423,"Stevanovic, Natalija",Serbia,SRB,STE
sr:competitor:78431,"Lodikova, Daria",Neutral,,LOD
sr:competitor:119664,"Smith, Alicia",Australia,AUS,SMI
sr:competitor:842594,"Li, Zongyu",China,CHN,ZON
sr:competitor:569009,"Ccuno, Romina",Peru,PER,CCU
sr:competitor:221510,"Chiesa, Enola",Italy,ITA,CHI
sr:competitor:766176,"Di Girolami, Tilwith",Belgium,BEL,DI
sr:competitor:90814,"Teichmann, Jil",Switzerland,CHE,TEI
sr:competitor:185412,"Labrana, Fernanda",Chile,CHL,LAB
sr:competitor:840734,"Walker, Brandy",USA,USA,WAL
sr:competitor:133080,"Hinojosa Gomez, Jessica",Mexico,MEX,HIN
sr:competitor:153736,"Glushko, Lina",Israel,ISR,GLU
sr:competitor:511932,"Kovaleva, Anastasia",Neutral,,KOV
sr:competitor:535801,"Schunk, Nastasja",Germany,DEU,SCH
sr:competitor:831262,"Yamalapalli, Sahaja",India,IND,YAM
sr:competitor:103375,"Serban, Raluca Georgiana",Cyprus,CYP,SER
sr:competitor:371556,"Jeong, Boyoung",Republic of Korea,KOR,JEO
sr:competitor:262023,"Wang, Meiling",China,CHN,WAN
sr:competitor:54171,"Benoit, Marie",Belgium,BEL,BEN
sr:competitor:517296,"Falei, Aliona",Neutral,,FAL
sr:competitor:246945,"Da Silva Fick, Gabriella",Australia,AUS,DA
sr:competitor:171026,"Tsygourova, Katerina",Switzerland,CHE,TSY
sr:competitor:1027517,"Ebeling Koning, Loes",Netherlands,NLD,EBE
sr:competitor:838900,"Bowers, Ashton",USA,USA,BOW
sr:competitor:341196,"Back, Dayeon",Republic of Korea,KOR,BAC
sr:competitor:19704,"Martic, Petra",Croatia,HRV,MAR
sr:competitor:71730,"Kulikov, Angela",USA,USA,KUL
sr:competitor:380368,"Sebestova, Ivana",Czechia,CZE,SEB
sr:competitor:124804,"Masarova, Rebeka",Spain,ESP,MAS
sr:competitor:88290,"Bejenaru, Karola Patricia",Romania,ROU,BEJ
sr:competitor:522848,"Rocchetti, Sofia",Italy,ITA,ROC
sr:competitor:230108,"McGiffin, Tenika",Australia,AUS,MCG
sr:competitor:522258,"Ricci, Beatrice",Italy,ITA,RIC
sr:competitor:880229,"Cayetano, Eryn",USA,USA,CAY
sr:competitor:583869,"Pavlou, Dimitra",Greece,GRC,PAV
sr:competitor:130624,"Gasanova, Anastasia",Neutral,,GAS
sr:competitor:111149,"Samir, Sandra",Egypt,EGY,SAM
sr:competitor:158690,"Vasilescu, Arina Gabriela",Romania,ROU,VAS
sr:competitor:476218,"Kawaguchi, Natsumi",Japan,JPN,KAW
sr:competitor:779706,"Hovde, Liv",USA,USA,HOV
sr:competitor:739667,"Pedone, Giorgia",Italy,ITA,PED
sr:competitor:342788,"Curmi, Francesca",Malta,MLT,CUR
sr:competitor:291008,"Aikawa, Mayuka",Japan,JPN,AIK
sr:competitor:265743,"Burdina, Evgeniya",Neutral,,BUR
sr:competitor:46661,"Gamiz, Andrea",Venezuela,VEN,GAM
sr:competitor:380396,"Kalieva, Elvina",USA,USA,KAL
sr:competitor:915371,"van Den Broek, Isis Louise",Netherlands,NLD,VAN
sr:competitor:784280,"Prozorova, Tatiana",Neutral,,PRO
sr:competitor:751899,"Brace, Cadence",Canada,CAN,BRA
sr:competitor:96981,"Xun, Fang Ying",China,CHN,XUN
sr:competitor:46651,"Melnikova, Marina",Neutral,,MEL
sr:competitor:675193,"Costoulas, Sofia",Belgium,BEL,COS
sr:competitor:827398,"Stankovic, Anja",Serbia,SRB,STA
sr:competitor:686597,"Pavlova, Kira",Neutral,,PAV
sr:competitor:833330,"Grechkina, Anastasia",Neutral,,GRE
sr:competitor:447759,"Katsumi, Nanari",Japan,JPN,KAT
sr:competitor:39425,"Savinykh, Valeria",Neutral,,SAV
sr:competitor:69964,"Estable, Julieta",Argentina,ARG,EST
sr:competitor:604388,"Tararudee, Lanlana",Thailand,THA,TAR
sr:competitor:18350,"Voracova, Renata",Czechia,CZE,VOR
sr:competitor:107327,"In-Albon, Ylena",Switzerland,CHE,IN-
sr:competitor:759784,"El Aouni, Aya",Morocco,MAR,EL
